Timestamp,Use\g,Share\g,Cache\g,Buffer\g,Swap\g,Total\g
1970-01-01T01:00:00+01:00,NaN,NaN,NaN,NaN,NaN,NaN
1970-01-01T01:00:00+01:00,150630696630,0,1893690639500,1700111958,135004160,3246344634400
1970-01-01T01:00:00+01:00,168587761050,0,1875763318200,1701189623.8,135004160,3246344634400
1970-01-01T01:00:00+01:00,190619161760,0,1875087554000,1702284582.9,135004160,3246344634400
1970-01-01T01:00:00+01:00,143603664720,0,1875010818500,1703305109.5,135004160,3246344634400
1970-01-01T01:00:00+01:00,133429976530,0,1875501532300,1704319881.2,135004160,3246344634400
1970-01-01T01:00:00+01:00,133693398280,0,1874958009500,1705438126.1,135004160,3246344634400
1970-01-01T01:00:00+01:00,145161619400,0,1881365482300,1706736586.8,135004160,3246344634400
1970-01-01T01:00:00+01:00,414656680990,0,1889637141800,1708174106.6,135004160,3246344634400
1970-01-01T01:00:00+01:00,542375999900,0,1889649610500,1709197488.1,135004160,3246344634400
1970-01-01T01:00:00+01:00,544181373890,0,1889662643200,1710272483.3,135004160,3246344634400
1970-01-01T01:00:00+01:00,540240926180,0,1889677494600,1711485775.9,135004160,3246344634400
1970-01-01T01:00:00+01:00,536265842430,0,1889717968200,1712608964.6,135004160,3246344634400
1970-01-01T01:00:00+01:00,528328104960,0,1889635658000,1713722798.1,135004160,3246344634400
1970-01-01T01:00:00+01:00,521989961100,0,1889647343300,1714816798.7,135004160,3246344634400
1970-01-01T01:00:00+01:00,514091552950,0,1889642936300,1716032880.6,135004160,3246344634400
1970-01-01T01:00:00+01:00,502494708640,0,1889634029700,1717318832.1,135004160,3246344634400
1970-01-01T01:00:00+01:00,487100101030,0,1889647519600,1718618427.4,135004160,3246344634400
1970-01-01T01:00:00+01:00,368707438940,0,1889676603200,1719974256.6,135004160,3246344634400
1970-01-01T01:00:00+01:00,326021404690,0,1889742641400,1720876335.1,135004160,3246344634400
1970-01-01T01:00:00+01:00,351982768740,0,1889743212800,1720919404.5,135004160,3246344634400
1970-01-01T01:00:00+01:00,341379130260,0,1889743809000,1720951832.6,135004160,3246344634400
1970-01-01T01:00:00+01:00,280461521870,0,1889745012700,1721035558.9,135004160,3246344634400
1970-01-01T01:00:00+01:00,408273345060,0,1889747826600,1721074118.7,135004160,3246344634400
1970-01-01T01:00:00+01:00,547028754630,0,1889745093000,1721122029.6,135004160,3246344634400
1970-01-01T01:00:00+01:00,560358360830,0,1889746532400,1721204252.7,135004160,3246344634400
1970-01-01T01:00:00+01:00,557396121210,0,1889798076800,1721292759,135004160,3246344634400
1970-01-01T01:00:00+01:00,554002133390,0,1889720424700,1721394159.6,135004160,3246344634400
1970-01-01T01:00:00+01:00,552492897980,0,1889670353800,1721446973.4,135004160,3246344634400
1970-01-01T01:00:00+01:00,550787527360,0,1889672127800,1721546879,135004160,3246344634400
1970-01-01T01:00:00+01:00,548135777930,0,1889672763100,1721591984.1,135004160,3246344634400
1970-01-01T01:00:00+01:00,547235778700,0,1889679082700,1721658601.5,135004160,3246344634400
1970-01-01T01:00:00+01:00,544424857100,0,1889681815200,1721730863.1,135004160,3246344634400
1970-01-01T01:00:00+01:00,544228023310,0,1889682759900,1721793736.7,135004160,3246344634400
1970-01-01T01:00:00+01:00,541449726780,0,1889683189000,1721837629.4,135004160,3246344634400
1970-01-01T01:00:00+01:00,540431843180,0,1889683831800,1721884356.6,135004160,3246344634400
1970-01-01T01:00:00+01:00,539110924320,0,1889683682000,1721960132.6,135004160,3246344634400
1970-01-01T01:00:00+01:00,538219781350,0,1889684459500,1722008346.6,135004160,3246344634400
1970-01-01T01:00:00+01:00,534440911550,0,1889684747300,1722028871.7,135004160,3246344634400
1970-01-01T01:00:00+01:00,532339995130,0,1889685064000,1722050662.4,135004160,3246344634400
1970-01-01T01:00:00+01:00,531054148530,0,1889701977500,1722117771.3,135004160,3246344634400
1970-01-01T01:00:00+01:00,529388341310,0,1889746130000,1722184683.5,135004160,3246344634400
1970-01-01T01:00:00+01:00,528666082320,0,1889685681600,1722241216.5,135004160,3246344634400
1970-01-01T01:00:00+01:00,526724355690,0,1889686302000,1722340761.6,135004160,3246344634400
1970-01-01T01:00:00+01:00,524751261720,0,1889686943200,1722446917.6,135004160,3246344634400
1970-01-01T01:00:00+01:00,522144206500,0,1889687965800,1722485366.8,135004160,3246344634400
1970-01-01T01:00:00+01:00,523072933340,0,1889688264000,1722534785,135004160,3246344634400
1970-01-01T01:00:00+01:00,519966775230,0,1889689001500,1722599288.8,135004160,3246344634400
1970-01-01T01:00:00+01:00,518954061690,0,1889687304100,1722640666.6,135004160,3246344634400
1970-01-01T01:00:00+01:00,517577988200,0,1889688794200,1722679603.2,135004160,3246344634400
1970-01-01T01:00:00+01:00,516304301570,0,1889694331800,1722753237,135004160,3246344634400
1970-01-01T01:00:00+01:00,514163421420,0,1889698477000,1722814033.9,135004160,3246344634400
1970-01-01T01:00:00+01:00,512576632900,0,1889701987200,1722861830.1,135004160,3246344634400
1970-01-01T01:00:00+01:00,511365695180,0,1889707701700,1722892386.3,135004160,3246344634400
1970-01-01T01:00:00+01:00,508491026030,0,1889709103600,1722958192.6,135004160,3246344634400
1970-01-01T01:00:00+01:00,507776219070,0,1889709058700,1722997755.9,135004160,3246344634400
1970-01-01T01:00:00+01:00,506357515600,0,1889709434100,1723043426.3,135004160,3246344634400
1970-01-01T01:00:00+01:00,504092898810,0,1889710368500,1723092836.4,135004160,3246344634400
1970-01-01T01:00:00+01:00,502636911320,0,1889724721800,1723173576.7,135004160,3246344634400
1970-01-01T01:00:00+01:00,499394359720,0,1889778429300,1723217874.9,135004160,3246344634400
1970-01-01T01:00:00+01:00,497975016590,0,1889709437500,1723257421.8,135004160,3246344634400
1970-01-01T01:00:00+01:00,496026273820,0,1889711156100,1723317444.6,135004160,3246344634400
1970-01-01T01:00:00+01:00,493066503390,0,1889712408500,1723382042.6,135004160,3246344634400
1970-01-01T01:00:00+01:00,492433558860,0,1889712630000,1723411406.8,135004160,3246344634400
1970-01-01T01:00:00+01:00,490292095120,0,1889716561000,1723445252.1,135004160,3246344634400
1970-01-01T01:00:00+01:00,487904978850,0,1889717975800,1723527602.2,135004160,3246344634400
1970-01-01T01:00:00+01:00,482959455110,0,1889738699400,1723580268.5,135004160,3246344634400
1970-01-01T01:00:00+01:00,480396402550,0,1889757985900,1723625185.3,135004160,3246344634400
1970-01-01T01:00:00+01:00,477375010330,0,1889777477600,1723699081.2,135004160,3246344634400
1970-01-01T01:00:00+01:00,473886822290,0,1889762287000,1723786670.1,135004160,3246344634400
1970-01-01T01:00:00+01:00,470514562720,0,1889764333300,1723836444.7,135004160,3246344634400
1970-01-01T01:00:00+01:00,466040638500,0,1889747930400,1723863375.9,135004160,3246344634400
1970-01-01T01:00:00+01:00,461579913900,0,1889745221600,1723933286.4,135004160,3246344634400
1970-01-01T01:00:00+01:00,457352287320,0,1889743872200,1723984019.5,135004160,3246344634400
1970-01-01T01:00:00+01:00,452161922290,0,1889737754300,1724041244.7,135004160,3246344634400
1970-01-01T01:00:00+01:00,445411753590,0,1889746839500,1724089307.1,135004160,3246344634400
1970-01-01T01:00:00+01:00,438011711490,0,1889766830400,1724147204.1,135004160,3246344634400
1970-01-01T01:00:00+01:00,428148215800,0,1889779559800,1724241973.2,135004160,3246344634400
1970-01-01T01:00:00+01:00,339233759960,0,1889772107100,1724288196.6,135004160,3246344634400
1970-01-01T01:00:00+01:00,256225147740,0,1889838036900,1724384817.2,135004160,3246344634400
1970-01-01T01:00:00+01:00,296352387400,0,1889838859900,1724450828.3,135004160,3246344634400
1970-01-01T01:00:00+01:00,476804694300,0,1889830367100,1724512903.2,135004160,3246344634400
1970-01-01T01:00:00+01:00,485591568670,0,1889839334200,1724568768.5,135004160,3246344634400
1970-01-01T01:00:00+01:00,484054384900,0,1889840313000,1724655009.8,135004160,3246344634400
1970-01-01T01:00:00+01:00,473723095830,0,1889837935800,1724669730.8,135004160,3246344634400
1970-01-01T01:00:00+01:00,459547569360,0,1889792926200,1724701204.5,135004160,3246344634400
1970-01-01T01:00:00+01:00,432238417380,0,1889772759000,1724753805.3,135004160,3246344634400
1970-01-01T01:00:00+01:00,243990308990,0,1889847908400,1724840861.7,135004160,3246344634400
1970-01-01T01:00:00+01:00,423133676480,0,1889846971100,1724906561.5,135004160,3246344634400
1970-01-01T01:00:00+01:00,469557187950,0,1889830209300,1724946202.6,135004160,3246344634400
1970-01-01T01:00:00+01:00,472397354620,0,1889793458800,1725036896.3,135004160,3246344634400
1970-01-01T01:00:00+01:00,471450454280,0,1889817841800,1725089890.3,135004160,3246344634400
1970-01-01T01:00:00+01:00,471863344500,0,1889764450600,1725174841.3,135004160,3246344634400
1970-01-01T01:00:00+01:00,472099433020,0,1889745286700,1725211545.6,135004160,3246344634400
1970-01-01T01:00:00+01:00,470574042940,0,1889736349700,1725269053.4,135004160,3246344634400
1970-01-01T01:00:00+01:00,470291809710,0,1889729283200,1725295222.8,135004160,3246344634400
1970-01-01T01:00:00+01:00,470145017480,0,1889729620500,1725343240.2,135004160,3246344634400
1970-01-01T01:00:00+01:00,469334078870,0,1889730572700,1725407146,135004160,3246344634400
1970-01-01T01:00:00+01:00,468378170460,0,1889809208300,1725489709.1,135004160,3246344634400
1970-01-01T01:00:00+01:00,467966252130,0,1889735811900,1725599019,135004160,3246344634400
1970-01-01T01:00:00+01:00,466104231110,0,1889731399100,1725639647.2,135004160,3246344634400
1970-01-01T01:00:00+01:00,465875755500,0,1889731898200,1725718761.5,135004160,3246344634400
1970-01-01T01:00:00+01:00,464416096260,0,1889730302300,1725761585.2,135004160,3246344634400
1970-01-01T01:00:00+01:00,463509179790,0,1889734011400,1725906034.7,135004160,3246344634400
1970-01-01T01:00:00+01:00,463156757490,0,1889734648000,1725975273.5,135004160,3246344634400
1970-01-01T01:00:00+01:00,461188628910,0,1889735094600,1726057898,135004160,3246344634400
1970-01-01T01:00:00+01:00,461314493280,0,1889719609600,1726098870.3,135004160,3246344634400
1970-01-01T01:00:00+01:00,460216198430,0,1889710637800,1726137630.7,135004160,3246344634400
1970-01-01T01:00:00+01:00,460087393400,0,1889711134200,1726215475.2,135004160,3246344634400
1970-01-01T01:00:00+01:00,458060985950,0,1889711516500,1726270320.6,135004160,3246344634400
1970-01-01T01:00:00+01:00,457219794410,0,1889711150100,1726325190.7,135004160,3246344634400
1970-01-01T01:00:00+01:00,457076432020,0,1889712644900,1726381183,135004160,3246344634400
1970-01-01T01:00:00+01:00,456087574440,0,1889712177400,1726457290.8,135004160,3246344634400
1970-01-01T01:00:00+01:00,455251677470,0,1889713814100,1726495264.8,135004160,3246344634400
1970-01-01T01:00:00+01:00,454378786140,0,1889714163300,1726527557.6,135004160,3246344634400
1970-01-01T01:00:00+01:00,452882567120,0,1889714794800,1726575489,135004160,3246344634400
1970-01-01T01:00:00+01:00,451399243840,0,1889714413600,1726627528.7,135004160,3246344634400
1970-01-01T01:00:00+01:00,450299926340,0,1889717199700,1726682767.4,135004160,3246344634400
1970-01-01T01:00:00+01:00,448549846350,0,1889722412800,1726727356.4,135004160,3246344634400
1970-01-01T01:00:00+01:00,446929518750,0,1889724390300,1726800240.6,135004160,3246344634400
1970-01-01T01:00:00+01:00,444917281800,0,1889776103700,1726863495.2,135004160,3246344634400
1970-01-01T01:00:00+01:00,444082931940,0,1889723425900,1726901735.4,135004160,3246344634400
1970-01-01T01:00:00+01:00,442060033690,0,1889723846800,1726953156.6,135004160,3246344634400
1970-01-01T01:00:00+01:00,439669625370,0,1889724556900,1726999576.6,135004160,3246344634400
1970-01-01T01:00:00+01:00,436436244680,0,1889724338400,1727025000.4,135004160,3246344634400
1970-01-01T01:00:00+01:00,434653944530,0,1889724639500,1727051345.9,135004160,3246344634400
1970-01-01T01:00:00+01:00,432420321640,0,1889726348300,1727107547.1,135004160,3246344634400
1970-01-01T01:00:00+01:00,430561957810,0,1889727466700,1727137800.2,135004160,3246344634400
1970-01-01T01:00:00+01:00,425912530590,0,1889728042800,1727157805.1,135004160,3246344634400
1970-01-01T01:00:00+01:00,422528872330,0,1889728505600,1727201169.4,135004160,3246344634400
1970-01-01T01:00:00+01:00,417423457800,0,1889729809500,1727259000.8,135004160,3246344634400
1970-01-01T01:00:00+01:00,384534410030,0,1889740316200,1727275147.3,135004160,3246344634400
1970-01-01T01:00:00+01:00,379792136140,0,1889808157900,1727326195.7,135004160,3246344634400
1970-01-01T01:00:00+01:00,523199193320,0,1889807985500,1727375110.1,135004160,3246344634400
1970-01-01T01:00:00+01:00,518257834050,0,1889808466800,1727405572.1,135004160,3246344634400
1970-01-01T01:00:00+01:00,505510582050,0,1889808862000,1727434821.6,135004160,3246344634400
1970-01-01T01:00:00+01:00,403766387280,0,1889806682600,1727475281.9,135004160,3246344634400
1970-01-01T01:00:00+01:00,531862713260,0,1889810145300,1727523401.7,135004160,3246344634400
1970-01-01T01:00:00+01:00,615059366750,0,1889809162300,1727536291.8,135004160,3246344634400
1970-01-01T01:00:00+01:00,612870854900,0,1889809714900,1727555534.8,135004160,3246344634400
1970-01-01T01:00:00+01:00,609841277090,0,1889806569800,1727597330.4,135004160,3246344634400
1970-01-01T01:00:00+01:00,601942608900,0,1889771097900,1727631392.8,135004160,3246344634400
1970-01-01T01:00:00+01:00,596029959660,0,1889739190700,1727644995.6,135004160,3246344634400
1970-01-01T01:00:00+01:00,589443833310,0,1889740876400,1727671455.7,135004160,3246344634400
1970-01-01T01:00:00+01:00,581040476320,0,1889738785400,1727750283.3,135004160,3246344634400
1970-01-01T01:00:00+01:00,566380730610,0,1889737828200,1727802015.7,135004160,3246344634400
1970-01-01T01:00:00+01:00,537887420580,0,1889738943400,1727832916,135004160,3246344634400
1970-01-01T01:00:00+01:00,409626991310,0,1889817019400,1727887851.5,135004160,3246344634400
1970-01-01T01:00:00+01:00,465179702570,0,1889818563400,1727953260.5,135004160,3246344634400
1970-01-01T01:00:00+01:00,455298387050,0,1889819017300,1728002682.9,135004160,3246344634400
1970-01-01T01:00:00+01:00,391003233160,0,1889819933700,1728048037.9,135004160,3246344634400
1970-01-01T01:00:00+01:00,587176721870,0,1889820936000,1728098574.3,135004160,3246344634400
1970-01-01T01:00:00+01:00,654095394460,0,1889819807300,1728125542.4,135004160,3246344634400
1970-01-01T01:00:00+01:00,659821600820,0,1889819395000,1728152682.5,135004160,3246344634400
1970-01-01T01:00:00+01:00,654221920550,0,1889817979100,1728176410.6,135004160,3246344634400
1970-01-01T01:00:00+01:00,648355184200,0,1889774025200,1728217264.1,135004160,3246344634400
1970-01-01T01:00:00+01:00,643019063350,0,1889743923800,1728231972.9,135004160,3246344634400
1970-01-01T01:00:00+01:00,637563653840,0,1889744616700,1728252948.5,135004160,3246344634400
1970-01-01T01:00:00+01:00,629060885510,0,1889744378700,1728302190.6,135004160,3246344634400
1970-01-01T01:00:00+01:00,615399825190,0,1889744727600,1728363454.5,135004160,3246344634400
1970-01-01T01:00:00+01:00,434637030600,0,1889788799000,1728405717,135004160,3246344634400
1970-01-01T01:00:00+01:00,415692902760,0,1889823460200,1728425627.6,135004160,3246344634400
1970-01-01T01:00:00+01:00,778825192800,0,1889823943400,1728461107.2,135004160,3246344634400
1970-01-01T01:00:00+01:00,960531157320,0,1889826158100,1728481787.9,135004160,3246344634400
1970-01-01T01:00:00+01:00,975450414010,0,1889833227100,1728490942.5,135004160,3246344634400
1970-01-01T01:00:00+01:00,983059607090,0,1889826917700,1728533176.3,135004160,3246344634400
1970-01-01T01:00:00+01:00,993948041740,0,1889825312500,1728584355.8,135004160,3246344634400
1970-01-01T01:00:00+01:00,993620370740,0,1889807308200,1728619225.1,135004160,3246344634400
1970-01-01T01:00:00+01:00,988309580160,0,1889769526900,1728644669.4,135004160,3246344634400
1970-01-01T01:00:00+01:00,987473720530,0,1889772488500,1728694362.1,135004160,3246344634400
1970-01-01T01:00:00+01:00,988294922380,0,1889791310300,1728741765.1,135004160,3246344634400
1970-01-01T01:00:00+01:00,987180920300,0,1889799561800,1728769527.8,135004160,3246344634400
1970-01-01T01:00:00+01:00,983064515480,0,1889795480400,1728774144,135004160,3246344634400
1970-01-01T01:00:00+01:00,980261384880,0,1889773044800,1728803176.4,135004160,3246344634400
1970-01-01T01:00:00+01:00,979041610270,0,1889774338000,1728837746.7,135004160,3246344634400
1970-01-01T01:00:00+01:00,979763815260,0,1889775487700,1728865456.1,135004160,3246344634400
1970-01-01T01:00:00+01:00,977451249610,0,1889784058700,1728911097.9,135004160,3246344634400
1970-01-01T01:00:00+01:00,972768624160,0,1889774604600,1728975102,135004160,3246344634400
1970-01-01T01:00:00+01:00,972142730030,0,1889777326400,1729000529.9,135004160,3246344634400
1970-01-01T01:00:00+01:00,971017624060,0,1889778420400,1729033764.9,135004160,3246344634400
1970-01-01T01:00:00+01:00,966373299740,0,1889778062500,1729053274.1,135004160,3246344634400
1970-01-01T01:00:00+01:00,967137096750,0,1889777319000,1729085218.8,135004160,3246344634400
1970-01-01T01:00:00+01:00,965252375130,0,1889778264600,1729121738.8,135004160,3246344634400
1970-01-01T01:00:00+01:00,963144999560,0,1889779757900,1729171992.6,135004160,3246344634400
1970-01-01T01:00:00+01:00,961097837520,0,1889779647400,1729216598,135004160,3246344634400
1970-01-01T01:00:00+01:00,959324505950,0,1889777838500,1729245593.6,135004160,3246344634400
1970-01-01T01:00:00+01:00,956323318540,0,1889781131800,1729297338.4,135004160,3246344634400
1970-01-01T01:00:00+01:00,953308313400,0,1889789638600,1729355042.8,135004160,3246344634400
1970-01-01T01:00:00+01:00,954001458990,0,1889781210800,1729393455.1,135004160,3246344634400
1970-01-01T01:00:00+01:00,951572274080,0,1889781867200,1729487020,135004160,3246344634400
1970-01-01T01:00:00+01:00,949048009220,0,1889782428300,1729547116.5,135004160,3246344634400
1970-01-01T01:00:00+01:00,947297179250,0,1889769092400,1729599234,135004160,3246344634400
1970-01-01T01:00:00+01:00,944427945390,0,1889760210100,1729623466,135004160,3246344634400
1970-01-01T01:00:00+01:00,942168570180,0,1889759172900,1729662013.4,135004160,3246344634400
1970-01-01T01:00:00+01:00,942154885700,0,1889761793700,1729704681.5,135004160,3246344634400
1970-01-01T01:00:00+01:00,939461561070,0,1889780333300,1729734365.2,135004160,3246344634400
1970-01-01T01:00:00+01:00,937498789490,0,1889785024100,1729759166.5,135004160,3246344634400
1970-01-01T01:00:00+01:00,936786977680,0,1889786206100,1729783406.6,135004160,3246344634400
1970-01-01T01:00:00+01:00,934810028550,0,1889794920500,1729841877,135004160,3246344634400
1970-01-01T01:00:00+01:00,933217968450,0,1889788169600,1729882460.2,135004160,3246344634400
1970-01-01T01:00:00+01:00,931543197480,0,1889779418300,1729896644.6,135004160,3246344634400
1970-01-01T01:00:00+01:00,929355825520,0,1889763276200,1729929629.7,135004160,3246344634400
1970-01-01T01:00:00+01:00,926298822440,0,1889764328900,1729953464.3,135004160,3246344634400
1970-01-01T01:00:00+01:00,923443775050,0,1889744666500,1729976164.4,135004160,3246344634400
1970-01-01T01:00:00+01:00,920935691240,0,1889751209500,1730004996.1,135004160,3246344634400
1970-01-01T01:00:00+01:00,918491318510,0,1889752590800,1730031136.8,135004160,3246344634400
1970-01-01T01:00:00+01:00,917675875470,0,1889755266000,1730051371,135004160,3246344634400
1970-01-01T01:00:00+01:00,913667194450,0,1889756829200,1730089386,135004160,3246344634400
1970-01-01T01:00:00+01:00,909980084060,0,1889755232100,1730120134.7,135004160,3246344634400
1970-01-01T01:00:00+01:00,908791135620,0,1889757445000,1730162606.1,135004160,3246344634400
1970-01-01T01:00:00+01:00,905393759910,0,1889757145300,1730214596.6,135004160,3246344634400
1970-01-01T01:00:00+01:00,903341450360,0,1889757441600,1730237403.1,135004160,3246344634400
1970-01-01T01:00:00+01:00,899975227240,0,1889753098100,1730265677.8,135004160,3246344634400
1970-01-01T01:00:00+01:00,897821161340,0,1889755692100,1730294698,135004160,3246344634400
1970-01-01T01:00:00+01:00,895764709430,0,1889757127800,1730322415.6,135004160,3246344634400
1970-01-01T01:00:00+01:00,891969036700,0,1889757336300,1730361962.5,135004160,3246344634400
1970-01-01T01:00:00+01:00,889941172500,0,1889765343200,1730414198.8,135004160,3246344634400
1970-01-01T01:00:00+01:00,886269872390,0,1889759186300,1730445197.3,135004160,3246344634400
1970-01-01T01:00:00+01:00,881674141400,0,1889759594700,1730473230.3,135004160,3246344634400
1970-01-01T01:00:00+01:00,878086447080,0,1889759672700,1730518179.8,135004160,3246344634400
1970-01-01T01:00:00+01:00,871853342010,0,1889757137700,1730553860.1,135004160,3246344634400
1970-01-01T01:00:00+01:00,867654413950,0,1889759761000,1730589351.9,135004160,3246344634400
1970-01-01T01:00:00+01:00,862320200420,0,1889761330300,1730638807,135004160,3246344634400
1970-01-01T01:00:00+01:00,859958854390,0,1889761152500,1730681237.5,135004160,3246344634400
1970-01-01T01:00:00+01:00,855885221460,0,1889759887000,1730699264,135004160,3246344634400
1970-01-01T01:00:00+01:00,851616346050,0,1889752778800,1730699653.1,135004160,3246344634400
1970-01-01T01:00:00+01:00,845093840730,0,1889749620800,1730709901.3,135004160,3246344634400
1970-01-01T01:00:00+01:00,838139059490,0,1889748990300,1730722148.4,135004160,3246344634400
1970-01-01T01:00:00+01:00,830673950280,0,1889760805000,1730738782.2,135004160,3246344634400
1970-01-01T01:00:00+01:00,824006519580,0,1889763401100,1730770341.9,135004160,3246344634400
1970-01-01T01:00:00+01:00,817091896460,0,1889768651500,1730817544.2,135004160,3246344634400
1970-01-01T01:00:00+01:00,809500220160,0,1889762864700,1730905346,135004160,3246344634400
1970-01-01T01:00:00+01:00,799202750050,0,1889765302700,1730936627.2,135004160,3246344634400
1970-01-01T01:00:00+01:00,786020746060,0,1889766288100,1730974523.4,135004160,3246344634400
1970-01-01T01:00:00+01:00,753524353150,0,1889766917900,1731028770.8,135004160,3246344634400
1970-01-01T01:00:00+01:00,442306442920,0,1889839276000,1731055611.9,135004160,3246344634400
1970-01-01T01:00:00+01:00,481986307050,0,1889844126500,1731078701.1,135004160,3246344634400
1970-01-01T01:00:00+01:00,393426019710,0,1889845378500,1731140489.2,135004160,3246344634400
1970-01-01T01:00:00+01:00,418790297850,0,1889846977600,1731232120.8,135004160,3246344634400
1970-01-01T01:00:00+01:00,419775717160,0,1889847682400,1731314991.1,135004160,3246344634400
1970-01-01T01:00:00+01:00,443695740350,0,1889848934900,1731351289.9,135004160,3246344634400
1970-01-01T01:00:00+01:00,387229430870,0,1889850507400,1731436445.7,135004160,3246344634400
1970-01-01T01:00:00+01:00,376912237250,0,1889852037000,1731656986.6,135004160,3246344634400
1970-01-01T01:00:00+01:00,372504862700,0,1889853206600,1732355776.5,135004160,3246344634400
1970-01-01T01:00:00+01:00,374250287100,0,1954820996300,1752902180.9,135004160,3246344634400
1970-01-01T01:00:00+01:00,378929737580,0,2106368955600,1784772407.3,135004160,3246344634400
1970-01-01T01:00:00+01:00,378931752710,0,2106368987400,1784824938.5,135004160,3246344634400
1970-01-01T01:00:00+01:00,378941601650,0,2106368179400,1784862437.4,135004160,3246344634400
1970-01-01T01:00:00+01:00,378955300360,0,2106374485000,1784904261.6,135004160,3246344634400
1970-01-01T01:00:00+01:00,378916095800,0,2106316878000,1784958206,135004160,3246344634400
1970-01-01T01:00:00+01:00,378983756180,0,2106307260100,1785015918.6,135004160,3246344634400
1970-01-01T01:00:00+01:00,378958849930,0,2106300131600,1785033625.6,135004160,3246344634400
1970-01-01T01:00:00+01:00,378992978730,0,2106289544400,1785051897.9,135004160,3246344634400
1970-01-01T01:00:00+01:00,378966619140,0,2106287983800,1785067724.8,135004160,3246344634400
1970-01-01T01:00:00+01:00,378967368680,0,2106288235700,1785103368.2,135004160,3246344634400
1970-01-01T01:00:00+01:00,378963096510,0,2106290271700,1785164849.2,135004160,3246344634400
1970-01-01T01:00:00+01:00,378980148870,0,2106291099000,1785214177.3,135004160,3246344634400
1970-01-01T01:00:00+01:00,378978191680,0,2106291453700,1785267150.8,135004160,3246344634400
1970-01-01T01:00:00+01:00,378977118000,0,2106263184700,1785298804.7,135004160,3246344634400
1970-01-01T01:00:00+01:00,378961195040,0,2106262255200,1785350918.1,135004160,3246344634400
1970-01-01T01:00:00+01:00,379017669100,0,2108572841400,1791575674.9,135004160,3246344634400
1970-01-01T01:00:00+01:00,381049030690,0,2182345786400,2160486723.6,135004160,3246344634400
1970-01-01T01:00:00+01:00,378893083210,0,2114461810700,2227881705.5,135004160,3246344634400
1970-01-01T01:00:00+01:00,379208843530,0,2123090923000,2228144562.2,135004160,3246344634400
1970-01-01T01:00:00+01:00,379421836680,0,2131680207600,2228365848.6,135004160,3246344634400
1970-01-01T01:00:00+01:00,379681583310,0,2140260408400,2228628250.6,135004160,3246344634400
1970-01-01T01:00:00+01:00,379932814060,0,2148862566600,2228882858,135004160,3246344634400
1970-01-01T01:00:00+01:00,380172597970,0,2157371888800,2229123100.7,135004160,3246344634400
1970-01-01T01:00:00+01:00,380432918070,0,2165868851000,2229372301.3,135004160,3246344634400
1970-01-01T01:00:00+01:00,380671719640,0,2174319109700,2229612638.2,135004160,3246344634400
1970-01-01T01:00:00+01:00,380999386040,0,2182770801000,2229892968.4,135004160,3246344634400
1970-01-01T01:00:00+01:00,381220420600,0,2191180950500,2230114832.4,135004160,3246344634400
1970-01-01T01:00:00+01:00,381485914300,0,2199621419500,2230350340.1,135004160,3246344634400
1970-01-01T01:00:00+01:00,381748365610,0,2207919659000,2230591504.4,135004160,3246344634400
1970-01-01T01:00:00+01:00,382046360760,0,2216105724100,2230895124.5,135004160,3246344634400
1970-01-01T01:00:00+01:00,382012888580,0,2222638898900,2231203336.2,135262633.98,3246344634400
1970-01-01T01:00:00+01:00,382384960720,0,2230743528400,2231524438,135266304,3246344634400
1970-01-01T01:00:00+01:00,382481362870,0,2236365623000,2231323762.7,135524253.7,3246344634400
1970-01-01T01:00:00+01:00,382698156730,0,2243611684500,2231522873.3,135528448,3246344634400
1970-01-01T01:00:00+01:00,382910018110,0,2250193018000,2231608725.5,135528448,3246344634400
1970-01-01T01:00:00+01:00,383125654680,0,2258238867200,2231909204,135528448,3246344634400
1970-01-01T01:00:00+01:00,383373959450,0,2264708113000,2232186880,135528448,3246344634400
1970-01-01T01:00:00+01:00,383594223960,0,2272334476500,2232503435.3,135574585.34,3246344634400
1970-01-01T01:00:00+01:00,383746041010,0,2277200688600,2232652505.1,135790592,3246344634400
1970-01-01T01:00:00+01:00,384025015050,0,2284995974000,2232849174.5,135790592,3246344634400
1970-01-01T01:00:00+01:00,384175480090,0,2290402740900,2233022763,135790592,3246344634400
1970-01-01T01:00:00+01:00,384351618740,0,2296857903200,2233129029.6,135852720.13,3246344634400
1970-01-01T01:00:00+01:00,384531369850,0,2303241403800,2233196318.7,136052736,3246344634400
1970-01-01T01:00:00+01:00,384800345580,0,2310712288900,2233401454.6,136052736,3246344634400
1970-01-01T01:00:00+01:00,384913514100,0,2315486266700,2232952455.2,136102543.36,3246344634400
1970-01-01T01:00:00+01:00,385070861980,0,2320216085500,2232680378.4,136314880,3246344634400
1970-01-01T01:00:00+01:00,385276507660,0,2326631934900,2232827007,136314880,3246344634400
1970-01-01T01:00:00+01:00,385504683250,0,2333648663300,2233110278.1,136314880,3246344634400
1970-01-01T01:00:00+01:00,385683331250,0,2339544415100,2233102241.8,136314880,3246344634400
1970-01-01T01:00:00+01:00,385899327990,0,2345951568300,2233299783.7,136314880,3246344634400
1970-01-01T01:00:00+01:00,386076549040,0,2352035771400,2233502740.5,136314880,3246344634400
1970-01-01T01:00:00+01:00,386242042230,0,2358456588200,2233856921.6,136392212.48,3246344634400
1970-01-01T01:00:00+01:00,386361389170,0,2363141731900,2234135760.9,136577024,3246344634400
1970-01-01T01:00:00+01:00,386499416530,0,2368097548000,2234560667.6,136577024,3246344634400
1970-01-01T01:00:00+01:00,386707999130,0,2373875629800,2235027386.4,136577024,3246344634400
1970-01-01T01:00:00+01:00,386887570620,0,2379602461200,2235880374.3,136669560.83,3246344634400
1970-01-01T01:00:00+01:00,387051426020,0,2383633774500,2236563099.6,136839168,3246344634400
1970-01-01T01:00:00+01:00,387166517180,0,2387622494500,2236943978.5,136839168,3246344634400
1970-01-01T01:00:00+01:00,387273185380,0,2391147246000,2237346791.4,136839168,3246344634400
1970-01-01T01:00:00+01:00,387474087760,0,2395736897000,2237746593.8,136973910.02,3246344634400
1970-01-01T01:00:00+01:00,387599745370,0,2400064773600,2238148755.5,137101312,3246344634400
1970-01-01T01:00:00+01:00,387706176700,0,2403172928500,2238538674.2,137101312,3246344634400
1970-01-01T01:00:00+01:00,387826786070,0,2407384543700,2238939234.3,137101312,3246344634400
1970-01-01T01:00:00+01:00,387959042400,0,2410092826500,2239186870.3,137101312,3246344634400
1970-01-01T01:00:00+01:00,388018213090,0,2412123034500,2239409000.4,137101312,3246344634400
1970-01-01T01:00:00+01:00,388056409360,0,2412630209200,2239538085.9,137101312,3246344634400
1970-01-01T01:00:00+01:00,394673846830,0,2410549089100,2239930581,137101312,3246344634400
1970-01-01T01:00:00+01:00,392898219110,0,2409292467500,2242676916.2,137101312,3246344634400
1970-01-01T01:00:00+01:00,397013009490,0,2410291764700,2246111924.2,137101312,3246344634400
1970-01-01T01:00:00+01:00,395707151790,0,2411156486800,2248684949.5,137101312,3246344634400
1970-01-01T01:00:00+01:00,394890210450,0,2412210569600,2250021888,137101312,3246344634400
1970-01-01T01:00:00+01:00,390262854540,0,2412366686300,2250983354.4,137101312,3246344634400
1970-01-01T01:00:00+01:00,389215248710,0,2412422083100,2252217028.6,137101312,3246344634400
1970-01-01T01:00:00+01:00,365260725960,0,2507864645000,2343755153.4,137101312,3246344634400
1970-01-01T01:00:00+01:00,96820677775,0,2428672180700,2387789344.8,137101312,3246344634400
1970-01-01T01:00:00+01:00,96790033039,0,2428673587200,2387840630.8,137101312,3246344634400
1970-01-01T01:00:00+01:00,96761943826,0,2428673977000,2387881877.5,137101312,3246344634400
1970-01-01T01:00:00+01:00,NaN,NaN,NaN,NaN,NaN,NaN